Address,Property Type,Bedrooms,Main Image URL,Detail URL,Display Price,Date Sold
"22, Christie Close, Swindon SN3 6JJ",TERRACED,3,https://media.rightmove.co.uk/dir/135k/134639/146399081/134639_ESN240146_IMG_19_0000_max_135x100.jpeg,https://www.rightmove.co.uk/house-prices/details/england-146399081-22115671?s=02aaf097a2dd862e2ffd5735ab11ee92b4d81d0c2efcf20d37a26d0bcefe676f,"£232,500",22 Nov 2024
"22, Christie Close, Swindon SN3 6JJ",TERRACED,3,https://media.rightmove.co.uk/dir/135k/134639/146399081/134639_ESN240146_IMG_19_0000_max_135x100.jpeg,https://www.rightmove.co.uk/house-prices/details/england-146399081-22115671?s=02aaf097a2dd862e2ffd5735ab11ee92b4d81d0c2efcf20d37a26d0bcefe676f,"£109,000",14 Nov 2003
"22, Christie Close, Swindon SN3 6JJ",TERRACED,3,https://media.rightmove.co.uk/dir/135k/134639/146399081/134639_ESN240146_IMG_19_0000_max_135x100.jpeg,https://www.rightmove.co.uk/house-prices/details/england-146399081-22115671?s=02aaf097a2dd862e2ffd5735ab11ee92b4d81d0c2efcf20d37a26d0bcefe676f,"£62,000",4 Aug 1998
"22, Christie Close, Swindon SN3 6JJ",TERRACED,3,https://media.rightmove.co.uk/dir/135k/134639/146399081/134639_ESN240146_IMG_19_0000_max_135x100.jpeg,https://www.rightmove.co.uk/house-prices/details/england-146399081-22115671?s=02aaf097a2dd862e2ffd5735ab11ee92b4d81d0c2efcf20d37a26d0bcefe676f,"£49,500",15 Nov 1996
"11, Kingscote Close, Nine Elms, Swindon SN5 5UP",DETACHED,4,https://media.rightmove.co.uk/dir/13k/12310/155141009/12310_33303611_IMG_00_0000_max_135x100.jpeg,https://www.rightmove.co.uk/house-prices/details/england-155141009-22115968?s=e8c04fd39d29ae0be01d2b4e04b1fd49d10ff7a65178c1b5e58cf4cdf6536c65,"£461,500",22 Nov 2024
"11, Kingscote Close, Nine Elms, Swindon SN5 5UP",DETACHED,4,https://media.rightmove.co.uk/dir/13k/12310/155141009/12310_33303611_IMG_00_0000_max_135x100.jpeg,https://www.rightmove.co.uk/house-prices/details/england-155141009-22115968?s=e8c04fd39d29ae0be01d2b4e04b1fd49d10ff7a65178c1b5e58cf4cdf6536c65,"£250,000",26 Nov 2004
"11, Kingscote Close, Nine Elms, Swindon SN5 5UP",DETACHED,4,https://media.rightmove.co.uk/dir/13k/12310/155141009/12310_33303611_IMG_00_0000_max_135x100.jpeg,https://www.rightmove.co.uk/house-prices/details/england-155141009-22115968?s=e8c04fd39d29ae0be01d2b4e04b1fd49d10ff7a65178c1b5e58cf4cdf6536c65,"£190,000",9 Aug 2002
"11, Kingscote Close, Nine Elms, Swindon SN5 5UP",DETACHED,4,https://media.rightmove.co.uk/dir/13k/12310/155141009/12310_33303611_IMG_00_0000_max_135x100.jpeg,https://www.rightmove.co.uk/house-prices/details/england-155141009-22115968?s=e8c04fd39d29ae0be01d2b4e04b1fd49d10ff7a65178c1b5e58cf4cdf6536c65,"£120,000",6 Nov 1998
"1, Ballyack Close, Coate, Swindon SN3 6EG",DETACHED,N/A,,https://www.rightmove.co.uk/house-prices/details/england-22115620?s=f0b9339ee3f765fdfa1d8c163c236b7f8cc52b933016b66b3e05d83eae707c93,"£402,000",22 Nov 2024
"1, Ballyack Close, Coate, Swindon SN3 6EG",DETACHED,N/A,,https://www.rightmove.co.uk/house-prices/details/england-22115620?s=f0b9339ee3f765fdfa1d8c163c236b7f8cc52b933016b66b3e05d83eae707c93,"£314,995",23 Jun 2016
"23, Malone Avenue, Swindon SN25 4EE",TERRACED,N/A,,https://www.rightmove.co.uk/house-prices/details/england-22115233?s=4015ca1cfb6093b509c0185c8f34d586d6d66f5cefc280f9fbdf365c1854cc02,"£330,000",21 Nov 2024
"23, Malone Avenue, Swindon SN25 4EE",TERRACED,N/A,,https://www.rightmove.co.uk/house-prices/details/england-22115233?s=4015ca1cfb6093b509c0185c8f34d586d6d66f5cefc280f9fbdf365c1854cc02,"£243,995",23 Oct 2015
"14, Sywell Road, Swindon SN3 4BG",SEMI_DETACHED,3,https://media.rightmove.co.uk/dir/108k/107492/145721849/107492_41254_IMG_00_0002_max_135x100.jpeg,https://www.rightmove.co.uk/house-prices/details/england-145721849-22115482?s=da27ae897a46dfc7d335c41ad7628c3d143e4f183aabab4741590b0588536f38,"£276,000",21 Nov 2024
"14, Sywell Road, Swindon SN3 4BG",SEMI_DETACHED,3,https://media.rightmove.co.uk/dir/108k/107492/145721849/107492_41254_IMG_00_0002_max_135x100.jpeg,https://www.rightmove.co.uk/house-prices/details/england-145721849-22115482?s=da27ae897a46dfc7d335c41ad7628c3d143e4f183aabab4741590b0588536f38,"£158,000",25 Oct 2013
"14, Sywell Road, Swindon SN3 4BG",SEMI_DETACHED,3,https://media.rightmove.co.uk/dir/108k/107492/145721849/107492_41254_IMG_00_0002_max_135x100.jpeg,https://www.rightmove.co.uk/house-prices/details/england-145721849-22115482?s=da27ae897a46dfc7d335c41ad7628c3d143e4f183aabab4741590b0588536f38,"£152,000",6 Dec 2007
"14, Sywell Road, Swindon SN3 4BG",SEMI_DETACHED,3,https://media.rightmove.co.uk/dir/108k/107492/145721849/107492_41254_IMG_00_0002_max_135x100.jpeg,https://www.rightmove.co.uk/house-prices/details/england-145721849-22115482?s=da27ae897a46dfc7d335c41ad7628c3d143e4f183aabab4741590b0588536f38,"£68,950",29 May 1998
"75, Clapham Close, Moredon, Swindon SN2 2FL",FLAT,2,https://media.rightmove.co.uk/dir/152k/151103/59409709/151103_253427-1_IMG_03_0001_max_135x100.jpg,https://www.rightmove.co.uk/house-prices/details/england-59409709-22114888?s=2b34b9e6d99ccccd8ba564feb70d98a878ece14f28925247a4955c1e975b0af3,"£74,758",20 Nov 2024
"75, Clapham Close, Moredon, Swindon SN2 2FL",FLAT,2,https://media.rightmove.co.uk/dir/152k/151103/59409709/151103_253427-1_IMG_03_0001_max_135x100.jpg,https://www.rightmove.co.uk/house-prices/details/england-59409709-22114888?s=2b34b9e6d99ccccd8ba564feb70d98a878ece14f28925247a4955c1e975b0af3,"£177,500",20 Dec 2017
"75, Clapham Close, Moredon, Swindon SN2 2FL",FLAT,2,https://media.rightmove.co.uk/dir/152k/151103/59409709/151103_253427-1_IMG_03_0001_max_135x100.jpg,https://www.rightmove.co.uk/house-prices/details/england-59409709-22114888?s=2b34b9e6d99ccccd8ba564feb70d98a878ece14f28925247a4955c1e975b0af3,"£130,995",4 Jul 2014
"116, Moredon Road, Swindon SN25 3EL",TERRACED,3,https://media.rightmove.co.uk/dir/4k/3838/67403904/3838_GOH190243_IMG_01_0000_max_135x100.jpg,https://www.rightmove.co.uk/house-prices/details/england-67403904-22115206?s=06581b9fe6d1ddd45b111d0b54997ef98728e7c8de92a6c93dc39b557271165d,"£147,000",20 Nov 2024
"116, Moredon Road, Swindon SN25 3EL",TERRACED,3,https://media.rightmove.co.uk/dir/4k/3838/67403904/3838_GOH190243_IMG_01_0000_max_135x100.jpg,https://www.rightmove.co.uk/house-prices/details/england-67403904-22115206?s=06581b9fe6d1ddd45b111d0b54997ef98728e7c8de92a6c93dc39b557271165d,"£165,000",10 Jul 2020
"93, Truscott Avenue, Swindon SN25 2PN",SEMI_DETACHED,N/A,,https://www.rightmove.co.uk/house-prices/details/england-22115134?s=ca8c820dfb85a93ee7a6eba8539ce4bf5138e70bb24685216e01cc90ee08ec5d,"£340,000",19 Nov 2024
"93, Truscott Avenue, Swindon SN25 2PN",SEMI_DETACHED,N/A,,https://www.rightmove.co.uk/house-prices/details/england-22115134?s=ca8c820dfb85a93ee7a6eba8539ce4bf5138e70bb24685216e01cc90ee08ec5d,"£270,000",12 Dec 2014
"56, Bowood Road, Swindon SN1 4LP",TERRACED,3,https://media.rightmove.co.uk/dir/68k/67538/155076089/67538_12256786_IMG_00_0000_max_135x100.jpeg,https://www.rightmove.co.uk/house-prices/details/england-155076089-22113385?s=181916d597146f39704f078880604a65c371a57933073b328a95ec91ccc05806,"£317,500",18 Nov 2024
"56, Bowood Road, Swindon SN1 4LP",TERRACED,3,https://media.rightmove.co.uk/dir/68k/67538/155076089/67538_12256786_IMG_00_0000_max_135x100.jpeg,https://www.rightmove.co.uk/house-prices/details/england-155076089-22113385?s=181916d597146f39704f078880604a65c371a57933073b328a95ec91ccc05806,"£220,000",9 Jul 2014
"56, Bowood Road, Swindon SN1 4LP",TERRACED,3,https://media.rightmove.co.uk/dir/68k/67538/155076089/67538_12256786_IMG_00_0000_max_135x100.jpeg,https://www.rightmove.co.uk/house-prices/details/england-155076089-22113385?s=181916d597146f39704f078880604a65c371a57933073b328a95ec91ccc05806,"£233,500",29 Aug 2007
"56, Bowood Road, Swindon SN1 4LP",TERRACED,3,https://media.rightmove.co.uk/dir/68k/67538/155076089/67538_12256786_IMG_00_0000_max_135x100.jpeg,https://www.rightmove.co.uk/house-prices/details/england-155076089-22113385?s=181916d597146f39704f078880604a65c371a57933073b328a95ec91ccc05806,"£147,500",14 Jun 2004
"23, March Close, Swindon SN25 4XU",DETACHED,3,https://media.rightmove.co.uk/dir/64k/63612/151018148/63612_OTN240534_IMG_00_0000_max_135x100.jpeg,https://www.rightmove.co.uk/house-prices/details/england-151018148-22115275?s=c725e90d40948b497955b9095edf54ca0ca991215d31d4675543f85bb94dd09a,"£330,000",15 Nov 2024
"23, March Close, Swindon SN25 4XU",DETACHED,3,https://media.rightmove.co.uk/dir/64k/63612/151018148/63612_OTN240534_IMG_00_0000_max_135x100.jpeg,https://www.rightmove.co.uk/house-prices/details/england-151018148-22115275?s=c725e90d40948b497955b9095edf54ca0ca991215d31d4675543f85bb94dd09a,"£294,000",22 Oct 2021
"23, March Close, Swindon SN25 4XU",DETACHED,3,https://media.rightmove.co.uk/dir/64k/63612/151018148/63612_OTN240534_IMG_00_0000_max_135x100.jpeg,https://www.rightmove.co.uk/house-prices/details/england-151018148-22115275?s=c725e90d40948b497955b9095edf54ca0ca991215d31d4675543f85bb94dd09a,"£180,000",25 Jul 2005
"23, March Close, Swindon SN25 4XU",DETACHED,3,https://media.rightmove.co.uk/dir/64k/63612/151018148/63612_OTN240534_IMG_00_0000_max_135x100.jpeg,https://www.rightmove.co.uk/house-prices/details/england-151018148-22115275?s=c725e90d40948b497955b9095edf54ca0ca991215d31d4675543f85bb94dd09a,"£86,950",2 May 1997
"3, Saltash Road, Swindon SN2 2EB",FLAT,2,https://media.rightmove.co.uk/dir/5k/4463/10902441/4463_sal_IMG_08_0000_max_135x100.jpg,https://www.rightmove.co.uk/house-prices/details/england-10902441-22114879?s=8a794cc653de01ae04fd2a574619680f31c1aec5aca9cd8c0daf12b6fb0b896a,"£133,500",15 Nov 2024
"3, Saltash Road, Swindon SN2 2EB",FLAT,2,https://media.rightmove.co.uk/dir/5k/4463/10902441/4463_sal_IMG_08_0000_max_135x100.jpg,https://www.rightmove.co.uk/house-prices/details/england-10902441-22114879?s=8a794cc653de01ae04fd2a574619680f31c1aec5aca9cd8c0daf12b6fb0b896a,"£133,995",11 Oct 2004
"27, Colebrook Road, Swindon SN3 4EB",TERRACED,4,https://media.rightmove.co.uk/dir/2k/1843/150919856/1843_SWE107631_IMG_09_0000_max_135x100.jpeg,https://www.rightmove.co.uk/house-prices/details/england-150919856-22115488?s=c49c345b2afc7add6112934e881efdd8abe01d485d555025ccaa63eda6248489,"£378,000",15 Nov 2024
"27, Colebrook Road, Swindon SN3 4EB",TERRACED,4,https://media.rightmove.co.uk/dir/2k/1843/150919856/1843_SWE107631_IMG_09_0000_max_135x100.jpeg,https://www.rightmove.co.uk/house-prices/details/england-150919856-22115488?s=c49c345b2afc7add6112934e881efdd8abe01d485d555025ccaa63eda6248489,"£275,000",26 Aug 2016
"27, Colebrook Road, Swindon SN3 4EB",TERRACED,4,https://media.rightmove.co.uk/dir/2k/1843/150919856/1843_SWE107631_IMG_09_0000_max_135x100.jpeg,https://www.rightmove.co.uk/house-prices/details/england-150919856-22115488?s=c49c345b2afc7add6112934e881efdd8abe01d485d555025ccaa63eda6248489,"£219,950",12 Oct 2007
"27, Colebrook Road, Swindon SN3 4EB",TERRACED,4,https://media.rightmove.co.uk/dir/2k/1843/150919856/1843_SWE107631_IMG_09_0000_max_135x100.jpeg,https://www.rightmove.co.uk/house-prices/details/england-150919856-22115488?s=c49c345b2afc7add6112934e881efdd8abe01d485d555025ccaa63eda6248489,"£75,250",8 Jan 1999
"9, Medway Road, Swindon SN25 3NZ",SEMI_DETACHED,3,https://media.rightmove.co.uk/dir/254k/253631/151367264/253631_d79e99b3-b636-48cb-8cd5-ed0ff96ced63_IMG_00_0000_max_135x100.jpeg,https://www.rightmove.co.uk/house-prices/details/england-151367264-22115224?s=4692e6112bedfa2fc2e15659b7ff826935c66e4c2e9568fa9e20ed509f7f077e,"£287,500",15 Nov 2024
"9, Medway Road, Swindon SN25 3NZ",SEMI_DETACHED,3,https://media.rightmove.co.uk/dir/254k/253631/151367264/253631_d79e99b3-b636-48cb-8cd5-ed0ff96ced63_IMG_00_0000_max_135x100.jpeg,https://www.rightmove.co.uk/house-prices/details/england-151367264-22115224?s=4692e6112bedfa2fc2e15659b7ff826935c66e4c2e9568fa9e20ed509f7f077e,"£174,000",29 Nov 2013
"9, Medway Road, Swindon SN25 3NZ",SEMI_DETACHED,3,https://media.rightmove.co.uk/dir/254k/253631/151367264/253631_d79e99b3-b636-48cb-8cd5-ed0ff96ced63_IMG_00_0000_max_135x100.jpeg,https://www.rightmove.co.uk/house-prices/details/england-151367264-22115224?s=4692e6112bedfa2fc2e15659b7ff826935c66e4c2e9568fa9e20ed509f7f077e,"£155,000",21 Dec 2005
"9, Medway Road, Swindon SN25 3NZ",SEMI_DETACHED,3,https://media.rightmove.co.uk/dir/254k/253631/151367264/253631_d79e99b3-b636-48cb-8cd5-ed0ff96ced63_IMG_00_0000_max_135x100.jpeg,https://www.rightmove.co.uk/house-prices/details/england-151367264-22115224?s=4692e6112bedfa2fc2e15659b7ff826935c66e4c2e9568fa9e20ed509f7f077e,"£77,000",11 Dec 1998
"9, Medway Road, Swindon SN25 3NZ",SEMI_DETACHED,3,https://media.rightmove.co.uk/dir/254k/253631/151367264/253631_d79e99b3-b636-48cb-8cd5-ed0ff96ced63_IMG_00_0000_max_135x100.jpeg,https://www.rightmove.co.uk/house-prices/details/england-151367264-22115224?s=4692e6112bedfa2fc2e15659b7ff826935c66e4c2e9568fa9e20ed509f7f077e,"£60,500",5 Jun 1996
"68, Cricklade Road, Swindon SN2 8AF",TERRACED,N/A,,https://www.rightmove.co.uk/house-prices/details/england-22114984?s=532f8bf232d8bece40cc3f5fc446fbd7b300d99507c9ece9d2371630a8b23294,"£265,000",15 Nov 2024
"68, Cricklade Road, Swindon SN2 8AF",TERRACED,N/A,,https://www.rightmove.co.uk/house-prices/details/england-22114984?s=532f8bf232d8bece40cc3f5fc446fbd7b300d99507c9ece9d2371630a8b23294,"£148,000",19 Dec 2011
"68, Cricklade Road, Swindon SN2 8AF",TERRACED,N/A,,https://www.rightmove.co.uk/house-prices/details/england-22114984?s=532f8bf232d8bece40cc3f5fc446fbd7b300d99507c9ece9d2371630a8b23294,"£125,000",1 Mar 2002
"6, Amberley Close, Swindon SN25 3AD",TERRACED,3,https://media.rightmove.co.uk/dir/84k/83009/151148075/83009_6amberley_IMG_22_0000_max_135x100.jpeg,https://www.rightmove.co.uk/house-prices/details/england-151148075-22115182?s=8d7b3d5d4842e7772f16e84d14437cbdc337af69b13324dc91cdc001df2d2775,"£325,000",14 Nov 2024
"6, Amberley Close, Swindon SN25 3AD",TERRACED,3,https://media.rightmove.co.uk/dir/84k/83009/151148075/83009_6amberley_IMG_22_0000_max_135x100.jpeg,https://www.rightmove.co.uk/house-prices/details/england-151148075-22115182?s=8d7b3d5d4842e7772f16e84d14437cbdc337af69b13324dc91cdc001df2d2775,"£199,000",22 Jan 2016
"6, Amberley Close, Swindon SN25 3AD",TERRACED,3,https://media.rightmove.co.uk/dir/84k/83009/151148075/83009_6amberley_IMG_22_0000_max_135x100.jpeg,https://www.rightmove.co.uk/house-prices/details/england-151148075-22115182?s=8d7b3d5d4842e7772f16e84d14437cbdc337af69b13324dc91cdc001df2d2775,"£147,000",15 Nov 2013
"19, Lynmouth Road, Swindon SN2 2DL",FLAT,2,https://media.rightmove.co.uk/dir/2k/1849/86748336/1849_STC113894_IMG_09_0000_max_135x100.jpeg,https://www.rightmove.co.uk/house-prices/details/england-86748336-22114873?s=b512cbdb12acb2982334f11780dc7915276c817db4e17cc328c37740f89e36d5,"£157,000",13 Nov 2024
"19, Lynmouth Road, Swindon SN2 2DL",FLAT,2,https://media.rightmove.co.uk/dir/2k/1849/86748336/1849_STC113894_IMG_09_0000_max_135x100.jpeg,https://www.rightmove.co.uk/house-prices/details/england-86748336-22114873?s=b512cbdb12acb2982334f11780dc7915276c817db4e17cc328c37740f89e36d5,"£138,000",27 Sep 2019
"19, Lynmouth Road, Swindon SN2 2DL",FLAT,2,https://media.rightmove.co.uk/dir/2k/1849/86748336/1849_STC113894_IMG_09_0000_max_135x100.jpeg,https://www.rightmove.co.uk/house-prices/details/england-86748336-22114873?s=b512cbdb12acb2982334f11780dc7915276c817db4e17cc328c37740f89e36d5,"£133,000",29 Jun 2017
"19, Lynmouth Road, Swindon SN2 2DL",FLAT,2,https://media.rightmove.co.uk/dir/2k/1849/86748336/1849_STC113894_IMG_09_0000_max_135x100.jpeg,https://www.rightmove.co.uk/house-prices/details/england-86748336-22114873?s=b512cbdb12acb2982334f11780dc7915276c817db4e17cc328c37740f89e36d5,"£125,000",5 Apr 2007
"19, Lynmouth Road, Swindon SN2 2DL",FLAT,2,https://media.rightmove.co.uk/dir/2k/1849/86748336/1849_STC113894_IMG_09_0000_max_135x100.jpeg,https://www.rightmove.co.uk/house-prices/details/england-86748336-22114873?s=b512cbdb12acb2982334f11780dc7915276c817db4e17cc328c37740f89e36d5,"£114,950",25 May 2004
"16, Ramleaze Drive, Shaw, Swindon SN5 5QA",DETACHED,3,https://media.rightmove.co.uk/dir/78k/77746/149237246/77746_WSN240057_IMG_20_0000_max_135x100.jpeg,https://www.rightmove.co.uk/house-prices/details/england-149237246-22115935?s=3a430adbc74e43eb75d2bdf14a98f2881394b9919b74cae840d1834842731b00,"£342,000",12 Nov 2024
"16, Ramleaze Drive, Shaw, Swindon SN5 5QA",DETACHED,3,https://media.rightmove.co.uk/dir/78k/77746/149237246/77746_WSN240057_IMG_20_0000_max_135x100.jpeg,https://www.rightmove.co.uk/house-prices/details/england-149237246-22115935?s=3a430adbc74e43eb75d2bdf14a98f2881394b9919b74cae840d1834842731b00,"£169,000",16 Nov 2011
"16, Ramleaze Drive, Shaw, Swindon SN5 5QA",DETACHED,3,https://media.rightmove.co.uk/dir/78k/77746/149237246/77746_WSN240057_IMG_20_0000_max_135x100.jpeg,https://www.rightmove.co.uk/house-prices/details/england-149237246-22115935?s=3a430adbc74e43eb75d2bdf14a98f2881394b9919b74cae840d1834842731b00,"£84,950",16 Apr 1999
"22a, Ermin Street, Swindon SN3 4RQ",DETACHED,3,https://media.rightmove.co.uk/dir/135k/134639/150913022/134639_ESN240370_IMG_00_0000_max_135x100.jpeg,https://www.rightmove.co.uk/house-prices/details/england-150913022-22115551?s=4bbdba20c0f1e34aa6a75e56d9c7fdab362d20e7abc5d8a5b23ff74ed88f7520,"£280,000",12 Nov 2024
"22a, Ermin Street, Swindon SN3 4RQ",DETACHED,3,https://media.rightmove.co.uk/dir/135k/134639/150913022/134639_ESN240370_IMG_00_0000_max_135x100.jpeg,https://www.rightmove.co.uk/house-prices/details/england-150913022-22115551?s=4bbdba20c0f1e34aa6a75e56d9c7fdab362d20e7abc5d8a5b23ff74ed88f7520,"£79,000",26 Mar 1999
"22a, Ermin Street, Swindon SN3 4RQ",DETACHED,3,https://media.rightmove.co.uk/dir/135k/134639/150913022/134639_ESN240370_IMG_00_0000_max_135x100.jpeg,https://www.rightmove.co.uk/house-prices/details/england-150913022-22115551?s=4bbdba20c0f1e34aa6a75e56d9c7fdab362d20e7abc5d8a5b23ff74ed88f7520,"£82,000",23 Dec 1998
"10, Pennine Way, Swindon SN25 4FX",DETACHED,4,https://media.rightmove.co.uk/dir/276k/275108/148899302/275108_NSL240066_IMG_16_0000_max_135x100.jpeg,https://www.rightmove.co.uk/house-prices/details/england-148899302-22115245?s=154bb0e1aa7c85458aa91561fdc21afb232c0e0917a37b8e1a9d4e767ffa3834,"£403,000",12 Nov 2024
"10, Pennine Way, Swindon SN25 4FX",DETACHED,4,https://media.rightmove.co.uk/dir/276k/275108/148899302/275108_NSL240066_IMG_16_0000_max_135x100.jpeg,https://www.rightmove.co.uk/house-prices/details/england-148899302-22115245?s=154bb0e1aa7c85458aa91561fdc21afb232c0e0917a37b8e1a9d4e767ffa3834,"£198,000",8 Aug 2003
"10, Pennine Way, Swindon SN25 4FX",DETACHED,4,https://media.rightmove.co.uk/dir/276k/275108/148899302/275108_NSL240066_IMG_16_0000_max_135x100.jpeg,https://www.rightmove.co.uk/house-prices/details/england-148899302-22115245?s=154bb0e1aa7c85458aa91561fdc21afb232c0e0917a37b8e1a9d4e767ffa3834,"£104,500",5 Mar 1999
"41, Carman Close, Swindon SN3 4XU",TERRACED,2,https://media.rightmove.co.uk/dir/38k/37763/153634637/37763_33267314_IMG_00_0000_max_135x100.jpeg,https://www.rightmove.co.uk/house-prices/details/england-153634637-22115560?s=45b2ab5f911dc2b4d1c66622e9aabcf59827b39b9ca87f0f0a9d417d92361dfc,"£215,000",12 Nov 2024
"41, Carman Close, Swindon SN3 4XU",TERRACED,2,https://media.rightmove.co.uk/dir/38k/37763/153634637/37763_33267314_IMG_00_0000_max_135x100.jpeg,https://www.rightmove.co.uk/house-prices/details/england-153634637-22115560?s=45b2ab5f911dc2b4d1c66622e9aabcf59827b39b9ca87f0f0a9d417d92361dfc,"£110,000",11 Jul 2003
"41, Carman Close, Swindon SN3 4XU",TERRACED,2,https://media.rightmove.co.uk/dir/38k/37763/153634637/37763_33267314_IMG_00_0000_max_135x100.jpeg,https://www.rightmove.co.uk/house-prices/details/england-153634637-22115560?s=45b2ab5f911dc2b4d1c66622e9aabcf59827b39b9ca87f0f0a9d417d92361dfc,"£79,950",30 Mar 2000
"41, Carman Close, Swindon SN3 4XU",TERRACED,2,https://media.rightmove.co.uk/dir/38k/37763/153634637/37763_33267314_IMG_00_0000_max_135x100.jpeg,https://www.rightmove.co.uk/house-prices/details/england-153634637-22115560?s=45b2ab5f911dc2b4d1c66622e9aabcf59827b39b9ca87f0f0a9d417d92361dfc,"£48,500",24 May 1996
"6, Shapwick Close, Swindon SN3 3RQ",SEMI_DETACHED,2,https://media.rightmove.co.uk/dir/4k/3838/147817943/3838_GOH230274_IMG_00_0000_max_135x100.jpeg,https://www.rightmove.co.uk/house-prices/details/england-147817943-22115470?s=ead8c91e6a54c8f516734e206da9ebde2617fd87247e4aded399e66ec583563d,"£270,000",12 Nov 2024
"6, Shapwick Close, Swindon SN3 3RQ",SEMI_DETACHED,2,https://media.rightmove.co.uk/dir/4k/3838/147817943/3838_GOH230274_IMG_00_0000_max_135x100.jpeg,https://www.rightmove.co.uk/house-prices/details/england-147817943-22115470?s=ead8c91e6a54c8f516734e206da9ebde2617fd87247e4aded399e66ec583563d,"£215,000",10 Jan 2020
"6, Shapwick Close, Swindon SN3 3RQ",SEMI_DETACHED,2,https://media.rightmove.co.uk/dir/4k/3838/147817943/3838_GOH230274_IMG_00_0000_max_135x100.jpeg,https://www.rightmove.co.uk/house-prices/details/england-147817943-22115470?s=ead8c91e6a54c8f516734e206da9ebde2617fd87247e4aded399e66ec583563d,"£135,950",14 Feb 2003
"19, Norton Grove, Swindon SN3 1BW",TERRACED,3,https://media.rightmove.co.uk/dir/38k/37763/153634373/37763_33223577_IMG_00_0000_max_135x100.jpeg,https://www.rightmove.co.uk/house-prices/details/england-153634373-22115368?s=82ebf0f2f13e72af2d72f9ed9ec35c605d9447138926f668208f8cf6fed4aef3,"£223,500",12 Nov 2024
"19, Norton Grove, Swindon SN3 1BW",TERRACED,3,https://media.rightmove.co.uk/dir/38k/37763/153634373/37763_33223577_IMG_00_0000_max_135x100.jpeg,https://www.rightmove.co.uk/house-prices/details/england-153634373-22115368?s=82ebf0f2f13e72af2d72f9ed9ec35c605d9447138926f668208f8cf6fed4aef3,"£125,000",21 Sep 2001
"19, Norton Grove, Swindon SN3 1BW",TERRACED,3,https://media.rightmove.co.uk/dir/38k/37763/153634373/37763_33223577_IMG_00_0000_max_135x100.jpeg,https://www.rightmove.co.uk/house-prices/details/england-153634373-22115368?s=82ebf0f2f13e72af2d72f9ed9ec35c605d9447138926f668208f8cf6fed4aef3,"£93,000",7 Apr 2000
"30, Radnor Street, Swindon SN1 3PR",TERRACED,2,https://media.rightmove.co.uk/dir/83k/82446/148640681/82446_33228_OTN240395_IMG_00_0000_max_135x100.jpeg,https://www.rightmove.co.uk/house-prices/details/england-148640681-22113325?s=2e359b09f1ca2ed54bb35284ba70bd8b82a50052edbf6fad68812aaefbd4d4f9,"£240,000",11 Nov 2024
"30, Radnor Street, Swindon SN1 3PR",TERRACED,2,https://media.rightmove.co.uk/dir/83k/82446/148640681/82446_33228_OTN240395_IMG_00_0000_max_135x100.jpeg,https://www.rightmove.co.uk/house-prices/details/england-148640681-22113325?s=2e359b09f1ca2ed54bb35284ba70bd8b82a50052edbf6fad68812aaefbd4d4f9,"£165,000",22 Aug 2016
"30, Radnor Street, Swindon SN1 3PR",TERRACED,2,https://media.rightmove.co.uk/dir/83k/82446/148640681/82446_33228_OTN240395_IMG_00_0000_max_135x100.jpeg,https://www.rightmove.co.uk/house-prices/details/england-148640681-22113325?s=2e359b09f1ca2ed54bb35284ba70bd8b82a50052edbf6fad68812aaefbd4d4f9,"£136,000",16 May 2014
"30, Radnor Street, Swindon SN1 3PR",TERRACED,2,https://media.rightmove.co.uk/dir/83k/82446/148640681/82446_33228_OTN240395_IMG_00_0000_max_135x100.jpeg,https://www.rightmove.co.uk/house-prices/details/england-148640681-22113325?s=2e359b09f1ca2ed54bb35284ba70bd8b82a50052edbf6fad68812aaefbd4d4f9,"£133,000",18 May 2007
"30, Radnor Street, Swindon SN1 3PR",TERRACED,2,https://media.rightmove.co.uk/dir/83k/82446/148640681/82446_33228_OTN240395_IMG_00_0000_max_135x100.jpeg,https://www.rightmove.co.uk/house-prices/details/england-148640681-22113325?s=2e359b09f1ca2ed54bb35284ba70bd8b82a50052edbf6fad68812aaefbd4d4f9,"£50,995",13 Nov 1998
"7, Leaze Street, Swindon SN1 7BJ",SEMI_DETACHED,3,https://media.rightmove.co.uk/dir/175k/174044/56623305/174044_28195566_IMG_13_0000_max_135x100.jpg,https://www.rightmove.co.uk/house-prices/details/england-56623305-22113433?s=4d27ecc68e710b7a768c500d6f24be3c48f40668d15ad0282aedcb8061d247ec,"£273,750",8 Nov 2024
"7, Leaze Street, Swindon SN1 7BJ",SEMI_DETACHED,3,https://media.rightmove.co.uk/dir/175k/174044/56623305/174044_28195566_IMG_13_0000_max_135x100.jpg,https://www.rightmove.co.uk/house-prices/details/england-56623305-22113433?s=4d27ecc68e710b7a768c500d6f24be3c48f40668d15ad0282aedcb8061d247ec,"£209,950",17 Dec 2010
"8, Haynes Close, Swindon SN3 6DZ",SEMI_DETACHED,3,https://media.rightmove.co.uk/dir/12k/11518/70326883/11518_1067_HRT106709722_IMG_01_0001_max_135x100.jpg,https://www.rightmove.co.uk/house-prices/details/england-70326883-22115617?s=022a6232b2125259988c9b1a0da88cb674c6419b02f400a0ec9714a67fe2689f,"£292,500",8 Nov 2024
"8, Haynes Close, Swindon SN3 6DZ",SEMI_DETACHED,3,https://media.rightmove.co.uk/dir/12k/11518/70326883/11518_1067_HRT106709722_IMG_01_0001_max_135x100.jpg,https://www.rightmove.co.uk/house-prices/details/england-70326883-22115617?s=022a6232b2125259988c9b1a0da88cb674c6419b02f400a0ec9714a67fe2689f,"£245,000",19 Jul 2019
"9, Rosetta Close, Oakhurst, Swindon SN25 2JA",DETACHED,5,https://media.rightmove.co.uk/dir/7k/6217/86918283/6217_SDN312728_IMG_09_0000_max_135x100.jpeg,https://www.rightmove.co.uk/house-prices/details/england-86918283-22115092?s=fead89c83f75a82c26d2a64baa73c0a4262e730b231d440926608bf67ea261b8,"£465,000",8 Nov 2024
"9, Rosetta Close, Oakhurst, Swindon SN25 2JA",DETACHED,5,https://media.rightmove.co.uk/dir/7k/6217/86918283/6217_SDN312728_IMG_09_0000_max_135x100.jpeg,https://www.rightmove.co.uk/house-prices/details/england-86918283-22115092?s=fead89c83f75a82c26d2a64baa73c0a4262e730b231d440926608bf67ea261b8,"£258,500",24 Jan 2014
"9, Rosetta Close, Oakhurst, Swindon SN25 2JA",DETACHED,5,https://media.rightmove.co.uk/dir/7k/6217/86918283/6217_SDN312728_IMG_09_0000_max_135x100.jpeg,https://www.rightmove.co.uk/house-prices/details/england-86918283-22115092?s=fead89c83f75a82c26d2a64baa73c0a4262e730b231d440926608bf67ea261b8,"£290,000",3 Jun 2005
"16, Burnham Road, Swindon SN3 2QZ",TERRACED,4,https://media.rightmove.co.uk/dir/2k/1843/148149947/1843_SWE107531_IMG_00_0000_max_135x100.jpeg,https://www.rightmove.co.uk/house-prices/details/england-148149947-22115425?s=bb1d3bed29c0b2bb627258415dc42af65e29f92cf1b704b981c6d5400cb02ded,"£272,000",8 Nov 2024
"16, Burnham Road, Swindon SN3 2QZ",TERRACED,4,https://media.rightmove.co.uk/dir/2k/1843/148149947/1843_SWE107531_IMG_00_0000_max_135x100.jpeg,https://www.rightmove.co.uk/house-prices/details/england-148149947-22115425?s=bb1d3bed29c0b2bb627258415dc42af65e29f92cf1b704b981c6d5400cb02ded,"£112,222",18 Jun 2021
"16, Burnham Road, Swindon SN3 2QZ",TERRACED,4,https://media.rightmove.co.uk/dir/2k/1843/148149947/1843_SWE107531_IMG_00_0000_max_135x100.jpeg,https://www.rightmove.co.uk/house-prices/details/england-148149947-22115425?s=bb1d3bed29c0b2bb627258415dc42af65e29f92cf1b704b981c6d5400cb02ded,"£90,000",12 Feb 2013
"60, Kent Road, Swindon SN1 3NG",TERRACED,3,https://media.rightmove.co.uk/dir/232k/231218/147001952/231218_RS0532_IMG_13_0000_max_135x100.jpeg,https://www.rightmove.co.uk/house-prices/details/england-147001952-22113316?s=846ce63c6ce7cd61986ce3479337ac436a75fcd06caea2414dcb6d9ed3eba069,"£325,000",8 Nov 2024
"60, Kent Road, Swindon SN1 3NG",TERRACED,3,https://media.rightmove.co.uk/dir/232k/231218/147001952/231218_RS0532_IMG_13_0000_max_135x100.jpeg,https://www.rightmove.co.uk/house-prices/details/england-147001952-22113316?s=846ce63c6ce7cd61986ce3479337ac436a75fcd06caea2414dcb6d9ed3eba069,"£250,000",29 Jan 2021
"60, Kent Road, Swindon SN1 3NG",TERRACED,3,https://media.rightmove.co.uk/dir/232k/231218/147001952/231218_RS0532_IMG_13_0000_max_135x100.jpeg,https://www.rightmove.co.uk/house-prices/details/england-147001952-22113316?s=846ce63c6ce7cd61986ce3479337ac436a75fcd06caea2414dcb6d9ed3eba069,"£150,000",20 Dec 2012
"123a, Homington Avenue, Coate, Swindon SN3 6FJ",TERRACED,N/A,,https://www.rightmove.co.uk/house-prices/details/england-22115632?s=1c46b4274e0b03c17acce592f2039db102cb50bc3d75bce601d7fd579a6ebe41,"£325,000",8 Nov 2024
"123a, Homington Avenue, Coate, Swindon SN3 6FJ",TERRACED,N/A,,https://www.rightmove.co.uk/house-prices/details/england-22115632?s=1c46b4274e0b03c17acce592f2039db102cb50bc3d75bce601d7fd579a6ebe41,"£252,995",30 May 2018
"1, Drew Street, Swindon SN2 2HP",TERRACED,2,/spw/imageInfo/placeholder/no-image.svg,https://www.rightmove.co.uk/house-prices/details/england-11574606-22114903?s=5e81873ed65336b48732219876df58bed08e1bad60548bcbc78159c02818df56,"£196,000",8 Nov 2024
"1, Drew Street, Swindon SN2 2HP",TERRACED,2,/spw/imageInfo/placeholder/no-image.svg,https://www.rightmove.co.uk/house-prices/details/england-11574606-22114903?s=5e81873ed65336b48732219876df58bed08e1bad60548bcbc78159c02818df56,"£167,800",21 Feb 2020
"1, Drew Street, Swindon SN2 2HP",TERRACED,2,/spw/imageInfo/placeholder/no-image.svg,https://www.rightmove.co.uk/house-prices/details/england-11574606-22114903?s=5e81873ed65336b48732219876df58bed08e1bad60548bcbc78159c02818df56,"£162,000",14 Sep 2018
"1, Drew Street, Swindon SN2 2HP",TERRACED,2,/spw/imageInfo/placeholder/no-image.svg,https://www.rightmove.co.uk/house-prices/details/england-11574606-22114903?s=5e81873ed65336b48732219876df58bed08e1bad60548bcbc78159c02818df56,"£110,000",13 Dec 2002
"1, Drew Street, Swindon SN2 2HP",TERRACED,2,/spw/imageInfo/placeholder/no-image.svg,https://www.rightmove.co.uk/house-prices/details/england-11574606-22114903?s=5e81873ed65336b48732219876df58bed08e1bad60548bcbc78159c02818df56,"£39,950",23 May 1997
"21, Dolina Road, Haydon End, Swindon SN25 1TL",SEMI_DETACHED,3,https://media.rightmove.co.uk/dir/7k/6217/144160769/6217_SDN311633_IMG_10_0000_max_135x100.jpeg,https://www.rightmove.co.uk/house-prices/details/england-144160769-22115041?s=4bd47e657a482a14d1e796bf0d41d49b0c9ad44131326024cb898089e9ac4102,"£302,000",8 Nov 2024
"21, Dolina Road, Haydon End, Swindon SN25 1TL",SEMI_DETACHED,3,https://media.rightmove.co.uk/dir/7k/6217/144160769/6217_SDN311633_IMG_10_0000_max_135x100.jpeg,https://www.rightmove.co.uk/house-prices/details/england-144160769-22115041?s=4bd47e657a482a14d1e796bf0d41d49b0c9ad44131326024cb898089e9ac4102,"£175,000",30 Jun 2006
"125, Castleton Road, Middleleaze, Swindon SN5 5GE",TERRACED,3,https://media.rightmove.co.uk/dir/78k/77746/146881478/77746_WSN240172_IMG_00_0000_max_135x100.jpeg,https://www.rightmove.co.uk/house-prices/details/england-146881478-22115923?s=d15502bcd09c3ac3011bb6e2a633c9ad590b21b4cfe35e30356575af5818de7d,"£220,000",8 Nov 2024
"74, The Bramptons, Shaw, Swindon SN5 5SL",DETACHED,4,https://media.rightmove.co.uk/dir/56k/55509/151367054/55509_9ca71742-09df-423c-818a-5432a780c401_IMG_00_0000_max_135x100.jpeg,https://www.rightmove.co.uk/house-prices/details/england-151367054-22115959?s=5ca42855b9cacd8f76cf1c96989ecf529c26bc05b122640b5f4c4d9ca7ab9e65,"£440,000",8 Nov 2024
"74, The Bramptons, Shaw, Swindon SN5 5SL",DETACHED,4,https://media.rightmove.co.uk/dir/56k/55509/151367054/55509_9ca71742-09df-423c-818a-5432a780c401_IMG_00_0000_max_135x100.jpeg,https://www.rightmove.co.uk/house-prices/details/england-151367054-22115959?s=5ca42855b9cacd8f76cf1c96989ecf529c26bc05b122640b5f4c4d9ca7ab9e65,"£104,950",15 Aug 1997
"170, Meadowcroft, Upper Stratton, Swindon SN2 7LE",SEMI_DETACHED,3,https://media.rightmove.co.uk/dir/83k/82446/145878161/82446_134639_ESN230497_IMG_00_0000_max_135x100.jpeg,https://www.rightmove.co.uk/house-prices/details/england-145878161-22114960?s=1cd5a87583a168a7a4e05181cf09307662e35c055ff928bac3517a2e6a498721,"£300,000",8 Nov 2024
"170, Meadowcroft, Upper Stratton, Swindon SN2 7LE",SEMI_DETACHED,3,https://media.rightmove.co.uk/dir/83k/82446/145878161/82446_134639_ESN230497_IMG_00_0000_max_135x100.jpeg,https://www.rightmove.co.uk/house-prices/details/england-145878161-22114960?s=1cd5a87583a168a7a4e05181cf09307662e35c055ff928bac3517a2e6a498721,"£183,000",9 Jan 2015
"170, Meadowcroft, Upper Stratton, Swindon SN2 7LE",SEMI_DETACHED,3,https://media.rightmove.co.uk/dir/83k/82446/145878161/82446_134639_ESN230497_IMG_00_0000_max_135x100.jpeg,https://www.rightmove.co.uk/house-prices/details/england-145878161-22114960?s=1cd5a87583a168a7a4e05181cf09307662e35c055ff928bac3517a2e6a498721,"£77,500",30 Oct 1998
"16, Plattes Close, Shaw, Swindon SN5 5SA",SEMI_DETACHED,3,https://media.rightmove.co.uk/dir/7k/6217/147906503/6217_SDN312630_IMG_08_0001_max_135x100.jpeg,https://www.rightmove.co.uk/house-prices/details/england-147906503-22115956?s=eeb04bf4fb5ec733500e568842a25e880e638efbaa3a56787b6e18a448487d7b,"£237,000",8 Nov 2024
"16, Plattes Close, Shaw, Swindon SN5 5SA",SEMI_DETACHED,3,https://media.rightmove.co.uk/dir/7k/6217/147906503/6217_SDN312630_IMG_08_0001_max_135x100.jpeg,https://www.rightmove.co.uk/house-prices/details/england-147906503-22115956?s=eeb04bf4fb5ec733500e568842a25e880e638efbaa3a56787b6e18a448487d7b,"£140,000",6 Jul 2009
"16, Plattes Close, Shaw, Swindon SN5 5SA",SEMI_DETACHED,3,https://media.rightmove.co.uk/dir/7k/6217/147906503/6217_SDN312630_IMG_08_0001_max_135x100.jpeg,https://www.rightmove.co.uk/house-prices/details/england-147906503-22115956?s=eeb04bf4fb5ec733500e568842a25e880e638efbaa3a56787b6e18a448487d7b,"£146,000",23 Jun 2006
"21, Cloche Way, Stratton St Margaret, Swindon SN2 7JL",SEMI_DETACHED,2,https://media.rightmove.co.uk/dir/83k/82446/153606917/82446_134639_ESN220221_IMG_00_0000_max_135x100.jpeg,https://www.rightmove.co.uk/house-prices/details/england-153606917-22114957?s=d1ffc568866c8d18cdd206759031934b4ebb6dd7a4fd14f7f9d467656365dfa6,"£300,000",8 Nov 2024
"21, Cloche Way, Stratton St Margaret, Swindon SN2 7JL",SEMI_DETACHED,2,https://media.rightmove.co.uk/dir/83k/82446/153606917/82446_134639_ESN220221_IMG_00_0000_max_135x100.jpeg,https://www.rightmove.co.uk/house-prices/details/england-153606917-22114957?s=d1ffc568866c8d18cdd206759031934b4ebb6dd7a4fd14f7f9d467656365dfa6,"£252,000",11 Mar 2022
"40, Newcastle Street, Swindon SN1 2LQ",TERRACED,3,https://media.rightmove.co.uk/dir/4k/3837/147787379/3837_TOC240148_IMG_00_0000_max_135x100.jpeg,https://www.rightmove.co.uk/house-prices/details/england-147787379-22113274?s=bc41d015318ca87da18bd9988164b1e5d5eb827428a10a5aeee9b8a8a3358d20,"£256,000",7 Nov 2024
"40, Newcastle Street, Swindon SN1 2LQ",TERRACED,3,https://media.rightmove.co.uk/dir/4k/3837/147787379/3837_TOC240148_IMG_00_0000_max_135x100.jpeg,https://www.rightmove.co.uk/house-prices/details/england-147787379-22113274?s=bc41d015318ca87da18bd9988164b1e5d5eb827428a10a5aeee9b8a8a3358d20,"£212,000",28 Nov 2018
"50, Gooch Street, Swindon SN1 2AZ",TERRACED,N/A,,https://www.rightmove.co.uk/house-prices/details/england-22113235?s=a9bbcf926f44224952850fcc40e3d124e7495562f4c1304d8d6c532592096bb6,"£195,000",7 Nov 2024
"50, Gooch Street, Swindon SN1 2AZ",TERRACED,N/A,,https://www.rightmove.co.uk/house-prices/details/england-22113235?s=a9bbcf926f44224952850fcc40e3d124e7495562f4c1304d8d6c532592096bb6,"£24,000",28 Feb 1997
"32, Luddesdown Road, Toothill, Swindon SN5 8HJ",TERRACED,2,https://media.rightmove.co.uk/dir/82k/81445/144270545/81445_SWO230457_IMG_00_0000_max_135x100.jpeg,https://www.rightmove.co.uk/house-prices/details/england-144270545-22116037?s=f56dfe9537583870039b580a41a58e79b5bd3d885d5b6a7447be6c227d45e9ab,"£220,000",7 Nov 2024
"32, Luddesdown Road, Toothill, Swindon SN5 8HJ",TERRACED,2,https://media.rightmove.co.uk/dir/82k/81445/144270545/81445_SWO230457_IMG_00_0000_max_135x100.jpeg,https://www.rightmove.co.uk/house-prices/details/england-144270545-22116037?s=f56dfe9537583870039b580a41a58e79b5bd3d885d5b6a7447be6c227d45e9ab,"£195,000",30 Sep 2022
"Flat 1, Bockhampton House, 69, Dydale Road, Swindon SN25 1AH",FLAT,N/A,,https://www.rightmove.co.uk/house-prices/details/england-22114999?s=2023a13042883f18323194aea62b802ca60261c780433a1ae5a8ada12a5d554c,"£175,000",6 Nov 2024
"Flat 1, Bockhampton House, 69, Dydale Road, Swindon SN25 1AH",FLAT,N/A,,https://www.rightmove.co.uk/house-prices/details/england-22114999?s=2023a13042883f18323194aea62b802ca60261c780433a1ae5a8ada12a5d554c,"£100,000",11 Dec 2009
"4, Warbeck Gate, Grange Park, Swindon SN5 6JL",SEMI_DETACHED,3,https://media.rightmove.co.uk/dir/259k/258710/147916409/258710_NEW230070_IMG_00_0000_max_135x100.jpeg,https://www.rightmove.co.uk/house-prices/details/england-147916409-22115998?s=f0571c2e73c74ce78c0c9bf3c5e1fed1d04c214414427a5b6770ff86502ca7ea,"£300,000",6 Nov 2024
"4, Warbeck Gate, Grange Park, Swindon SN5 6JL",SEMI_DETACHED,3,https://media.rightmove.co.uk/dir/259k/258710/147916409/258710_NEW230070_IMG_00_0000_max_135x100.jpeg,https://www.rightmove.co.uk/house-prices/details/england-147916409-22115998?s=f0571c2e73c74ce78c0c9bf3c5e1fed1d04c214414427a5b6770ff86502ca7ea,"£145,000",23 Oct 2006
"29, Wayside Close, Swindon SN2 2UQ",TERRACED,N/A,,https://www.rightmove.co.uk/house-prices/details/england-22114930?s=1d21f6b8ed9ccda67fbc92960c5d48619b16681a7ee0e3c83b8effa5b190136b,"£140,000",5 Nov 2024
"29, Wayside Close, Swindon SN2 2UQ",TERRACED,N/A,,https://www.rightmove.co.uk/house-prices/details/england-22114930?s=1d21f6b8ed9ccda67fbc92960c5d48619b16681a7ee0e3c83b8effa5b190136b,"£51,500",23 Jun 1995
"32, Riverdale Close, Old Town, Swindon SN1 4EF",SEMI_DETACHED,2,https://media.rightmove.co.uk/dir/13k/12310/154266554/12310_33233509_IMG_00_0000_max_135x100.jpeg,https://www.rightmove.co.uk/house-prices/details/england-154266554-22113343?s=e6008d5870e5f1daf6b218f41454cf6951d4ea3e51ee7d5ab2caa405534f34af,"£322,000",4 Nov 2024
"32, Riverdale Close, Old Town, Swindon SN1 4EF",SEMI_DETACHED,2,https://media.rightmove.co.uk/dir/13k/12310/154266554/12310_33233509_IMG_00_0000_max_135x100.jpeg,https://www.rightmove.co.uk/house-prices/details/england-154266554-22113343?s=e6008d5870e5f1daf6b218f41454cf6951d4ea3e51ee7d5ab2caa405534f34af,"£227,500",25 Aug 2017
"30, Station Road, Swindon SN1 2BB",TERRACED,3,https://media.rightmove.co.uk/dir/12k/11526/59508151/11526_1065_HRT106509889_IMG_01_0000_max_135x100.jpg,https://www.rightmove.co.uk/house-prices/details/england-59508151-22113238?s=69ce3be4827a05dc52543ae59a8eb97512356592b586a1b91cbc4df00b7d8e86,"£255,000",4 Nov 2024
"30, Station Road, Swindon SN1 2BB",TERRACED,3,https://media.rightmove.co.uk/dir/12k/11526/59508151/11526_1065_HRT106509889_IMG_01_0000_max_135x100.jpg,https://www.rightmove.co.uk/house-prices/details/england-59508151-22113238?s=69ce3be4827a05dc52543ae59a8eb97512356592b586a1b91cbc4df00b7d8e86,"£200,210",9 Mar 2018
"27, Holliday Close, Swindon SN25 4YQ",SEMI_DETACHED,2,https://media.rightmove.co.uk/dir/38k/37763/153634433/37763_33103648_IMG_00_0000_max_135x100.jpeg,https://www.rightmove.co.uk/house-prices/details/england-153634433-22115284?s=387319c03de1ea8cc74348ab65d4d37bac7b806bd5c2097d413bc1647c18fae2,"£220,000",1 Nov 2024
"27, Holliday Close, Swindon SN25 4YQ",SEMI_DETACHED,2,https://media.rightmove.co.uk/dir/38k/37763/153634433/37763_33103648_IMG_00_0000_max_135x100.jpeg,https://www.rightmove.co.uk/house-prices/details/england-153634433-22115284?s=387319c03de1ea8cc74348ab65d4d37bac7b806bd5c2097d413bc1647c18fae2,"£111,500",6 Dec 2002
"27, Holliday Close, Swindon SN25 4YQ",SEMI_DETACHED,2,https://media.rightmove.co.uk/dir/38k/37763/153634433/37763_33103648_IMG_00_0000_max_135x100.jpeg,https://www.rightmove.co.uk/house-prices/details/england-153634433-22115284?s=387319c03de1ea8cc74348ab65d4d37bac7b806bd5c2097d413bc1647c18fae2,"£52,950",9 Aug 1996
"3, The Chesters, Westlea, Swindon SN5 7DB",TERRACED,2,https://media.rightmove.co.uk/dir/218k/217913/150844220/217913_5521246_IMG_00_0000_max_135x100.jpeg,https://www.rightmove.co.uk/house-prices/details/england-150844220-22116016?s=e754ec74c9b6cf6d4053b7132b1f8c1fc9fa0b6e422d1a6e2f985b9a937c379f,"£223,500",1 Nov 2024
"3, The Chesters, Westlea, Swindon SN5 7DB",TERRACED,2,https://media.rightmove.co.uk/dir/218k/217913/150844220/217913_5521246_IMG_00_0000_max_135x100.jpeg,https://www.rightmove.co.uk/house-prices/details/england-150844220-22116016?s=e754ec74c9b6cf6d4053b7132b1f8c1fc9fa0b6e422d1a6e2f985b9a937c379f,"£181,000",16 Nov 2018
"3, The Chesters, Westlea, Swindon SN5 7DB",TERRACED,2,https://media.rightmove.co.uk/dir/218k/217913/150844220/217913_5521246_IMG_00_0000_max_135x100.jpeg,https://www.rightmove.co.uk/house-prices/details/england-150844220-22116016?s=e754ec74c9b6cf6d4053b7132b1f8c1fc9fa0b6e422d1a6e2f985b9a937c379f,"£137,000",2 May 2008
"3, The Chesters, Westlea, Swindon SN5 7DB",TERRACED,2,https://media.rightmove.co.uk/dir/218k/217913/150844220/217913_5521246_IMG_00_0000_max_135x100.jpeg,https://www.rightmove.co.uk/house-prices/details/england-150844220-22116016?s=e754ec74c9b6cf6d4053b7132b1f8c1fc9fa0b6e422d1a6e2f985b9a937c379f,"£108,000",27 May 2005
"3, The Chesters, Westlea, Swindon SN5 7DB",TERRACED,2,https://media.rightmove.co.uk/dir/218k/217913/150844220/217913_5521246_IMG_00_0000_max_135x100.jpeg,https://www.rightmove.co.uk/house-prices/details/england-150844220-22116016?s=e754ec74c9b6cf6d4053b7132b1f8c1fc9fa0b6e422d1a6e2f985b9a937c379f,"£91,500",30 Nov 2001
"8a, Blunsdon Road, Haydon Wick, Swindon SN25 1JD",DETACHED,3,https://media.rightmove.co.uk/dir/64k/63612/146598251/63612_NSN240063_IMG_22_0000_max_135x100.jpeg,https://www.rightmove.co.uk/house-prices/details/england-146598251-22115005?s=e488694648401979b36492f2b750328576ea11206f379273714d4c4c7bed2bb9,"£325,000",1 Nov 2024
"8a, Blunsdon Road, Haydon Wick, Swindon SN25 1JD",DETACHED,3,https://media.rightmove.co.uk/dir/64k/63612/146598251/63612_NSN240063_IMG_22_0000_max_135x100.jpeg,https://www.rightmove.co.uk/house-prices/details/england-146598251-22115005?s=e488694648401979b36492f2b750328576ea11206f379273714d4c4c7bed2bb9,"£305,000",22 Aug 2022
"8a, Blunsdon Road, Haydon Wick, Swindon SN25 1JD",DETACHED,3,https://media.rightmove.co.uk/dir/64k/63612/146598251/63612_NSN240063_IMG_22_0000_max_135x100.jpeg,https://www.rightmove.co.uk/house-prices/details/england-146598251-22115005?s=e488694648401979b36492f2b750328576ea11206f379273714d4c4c7bed2bb9,"£275,000",7 Jun 2019
"2, Dione Crescent, Swindon SN25 2JW",FLAT,2,https://media.rightmove.co.uk/dir/44k/43080/149774495/43080_NOS240129_IMG_00_0000_max_135x100.jpeg,https://www.rightmove.co.uk/house-prices/details/england-149774495-22115104?s=95a389b4c243ea88f8f83da2440c814946464238be55014c1b1dda3e44ee6aa7,"£230,000",1 Nov 2024
"2, Dione Crescent, Swindon SN25 2JW",FLAT,2,https://media.rightmove.co.uk/dir/44k/43080/149774495/43080_NOS240129_IMG_00_0000_max_135x100.jpeg,https://www.rightmove.co.uk/house-prices/details/england-149774495-22115104?s=95a389b4c243ea88f8f83da2440c814946464238be55014c1b1dda3e44ee6aa7,"£133,250",20 May 2005
"52, Hunters Grove, Swindon SN2 1HE",TERRACED,3,https://media.rightmove.co.uk/dir/2k/1849/146925398/1849_STC114067_IMG_07_0000_max_135x100.jpeg,https://www.rightmove.co.uk/house-prices/details/england-146925398-22114837?s=a4eb8ba67b4a0bab9d6fb7dc0983c34be87e4874c72302903409fcacef3d73b8,"£257,000",1 Nov 2024
"52, Hunters Grove, Swindon SN2 1HE",TERRACED,3,https://media.rightmove.co.uk/dir/2k/1849/146925398/1849_STC114067_IMG_07_0000_max_135x100.jpeg,https://www.rightmove.co.uk/house-prices/details/england-146925398-22114837?s=a4eb8ba67b4a0bab9d6fb7dc0983c34be87e4874c72302903409fcacef3d73b8,"£192,000",6 Oct 2017
"52, Hunters Grove, Swindon SN2 1HE",TERRACED,3,https://media.rightmove.co.uk/dir/2k/1849/146925398/1849_STC114067_IMG_07_0000_max_135x100.jpeg,https://www.rightmove.co.uk/house-prices/details/england-146925398-22114837?s=a4eb8ba67b4a0bab9d6fb7dc0983c34be87e4874c72302903409fcacef3d73b8,"£133,500",9 Mar 2012
"52, Hunters Grove, Swindon SN2 1HE",TERRACED,3,https://media.rightmove.co.uk/dir/2k/1849/146925398/1849_STC114067_IMG_07_0000_max_135x100.jpeg,https://www.rightmove.co.uk/house-prices/details/england-146925398-22114837?s=a4eb8ba67b4a0bab9d6fb7dc0983c34be87e4874c72302903409fcacef3d73b8,"£80,000",14 Oct 2011
"3, Atbara Close, Swindon SN25 3DD",DETACHED,4,https://media.rightmove.co.uk/dir/4k/3838/145476500/3838_GOH230223_IMG_00_0000_max_135x100.jpeg,https://www.rightmove.co.uk/house-prices/details/england-145476500-22115200?s=cd89b54cf805365e1c32d7108c0ed897fc7ca3b98801f0d4c6757c69b1d1cdb1,"£395,000",1 Nov 2024
"3, Atbara Close, Swindon SN25 3DD",DETACHED,4,https://media.rightmove.co.uk/dir/4k/3838/145476500/3838_GOH230223_IMG_00_0000_max_135x100.jpeg,https://www.rightmove.co.uk/house-prices/details/england-145476500-22115200?s=cd89b54cf805365e1c32d7108c0ed897fc7ca3b98801f0d4c6757c69b1d1cdb1,"£310,000",14 Sep 2018
"3, Atbara Close, Swindon SN25 3DD",DETACHED,4,https://media.rightmove.co.uk/dir/4k/3838/145476500/3838_GOH230223_IMG_00_0000_max_135x100.jpeg,https://www.rightmove.co.uk/house-prices/details/england-145476500-22115200?s=cd89b54cf805365e1c32d7108c0ed897fc7ca3b98801f0d4c6757c69b1d1cdb1,"£125,000",8 Jun 2001
"3, Atbara Close, Swindon SN25 3DD",DETACHED,4,https://media.rightmove.co.uk/dir/4k/3838/145476500/3838_GOH230223_IMG_00_0000_max_135x100.jpeg,https://www.rightmove.co.uk/house-prices/details/england-145476500-22115200?s=cd89b54cf805365e1c32d7108c0ed897fc7ca3b98801f0d4c6757c69b1d1cdb1,"£75,000",11 Jul 1997
"19, Exmouth Street, Swindon SN1 3PT",TERRACED,2,https://media.rightmove.co.uk/dir/259k/258710/148776302/258710_NEW230047_IMG_01_0000_max_135x100.jpeg,https://www.rightmove.co.uk/house-prices/details/england-148776302-22113328?s=94a786ed0d13c19193a1b90d4ebdf7f13225fe12c06618307954a14c5e423846,"£265,000",1 Nov 2024
"19, Exmouth Street, Swindon SN1 3PT",TERRACED,2,https://media.rightmove.co.uk/dir/259k/258710/148776302/258710_NEW230047_IMG_01_0000_max_135x100.jpeg,https://www.rightmove.co.uk/house-prices/details/england-148776302-22113328?s=94a786ed0d13c19193a1b90d4ebdf7f13225fe12c06618307954a14c5e423846,"£166,000",22 Dec 2015
"19, Exmouth Street, Swindon SN1 3PT",TERRACED,2,https://media.rightmove.co.uk/dir/259k/258710/148776302/258710_NEW230047_IMG_01_0000_max_135x100.jpeg,https://www.rightmove.co.uk/house-prices/details/england-148776302-22113328?s=94a786ed0d13c19193a1b90d4ebdf7f13225fe12c06618307954a14c5e423846,"£130,000",26 Aug 2003
"19, Exmouth Street, Swindon SN1 3PT",TERRACED,2,https://media.rightmove.co.uk/dir/259k/258710/148776302/258710_NEW230047_IMG_01_0000_max_135x100.jpeg,https://www.rightmove.co.uk/house-prices/details/england-148776302-22113328?s=94a786ed0d13c19193a1b90d4ebdf7f13225fe12c06618307954a14c5e423846,"£68,000",27 Nov 1998
"19, Exmouth Street, Swindon SN1 3PT",TERRACED,2,https://media.rightmove.co.uk/dir/259k/258710/148776302/258710_NEW230047_IMG_01_0000_max_135x100.jpeg,https://www.rightmove.co.uk/house-prices/details/england-148776302-22113328?s=94a786ed0d13c19193a1b90d4ebdf7f13225fe12c06618307954a14c5e423846,"£49,550",15 Dec 1995
"2, Southampton Street, Swindon SN1 2JS",TERRACED,N/A,,https://www.rightmove.co.uk/house-prices/details/england-22113268?s=24486102f99533c0ad348c0dc776f78099e888e7c5edc3447263e5764ae6ffa6,"£305,000",1 Nov 2024
"Flat 1, 62, William Morris Way, Tadpole Garden Village, Swindon SN25 2PT",FLAT,N/A,,https://www.rightmove.co.uk/house-prices/details/england-22115137?s=dd1540e345b3ddeaec28c259640ecc34800d45dc8dc316c5e8efba4905047383,"£200,000",1 Nov 2024
"Flat 1, 62, William Morris Way, Tadpole Garden Village, Swindon SN25 2PT",FLAT,N/A,,https://www.rightmove.co.uk/house-prices/details/england-22115137?s=dd1540e345b3ddeaec28c259640ecc34800d45dc8dc316c5e8efba4905047383,"£200,000",11 Oct 2023
"Flat 1, 62, William Morris Way, Tadpole Garden Village, Swindon SN25 2PT",FLAT,N/A,,https://www.rightmove.co.uk/house-prices/details/england-22115137?s=dd1540e345b3ddeaec28c259640ecc34800d45dc8dc316c5e8efba4905047383,"£195,000",27 Apr 2018
"6, Juliana Close, Middleleaze, Swindon SN5 5TA",SEMI_DETACHED,N/A,,https://www.rightmove.co.uk/house-prices/details/england-22115962?s=6941fda49989e0865fdb07e7e7c2ad351ddd948b5a9cc6d7a127d558633ccef2,"£225,000",1 Nov 2024
"6, Juliana Close, Middleleaze, Swindon SN5 5TA",SEMI_DETACHED,N/A,,https://www.rightmove.co.uk/house-prices/details/england-22115962?s=6941fda49989e0865fdb07e7e7c2ad351ddd948b5a9cc6d7a127d558633ccef2,"£176,000",16 Mar 2018
"6, Juliana Close, Middleleaze, Swindon SN5 5TA",SEMI_DETACHED,N/A,,https://www.rightmove.co.uk/house-prices/details/england-22115962?s=6941fda49989e0865fdb07e7e7c2ad351ddd948b5a9cc6d7a127d558633ccef2,"£123,000",30 Jun 2006
"6, Juliana Close, Middleleaze, Swindon SN5 5TA",SEMI_DETACHED,N/A,,https://www.rightmove.co.uk/house-prices/details/england-22115962?s=6941fda49989e0865fdb07e7e7c2ad351ddd948b5a9cc6d7a127d558633ccef2,"£45,000",31 Jan 1995
"83, Cowleaze, Purton, Swindon, Wiltshire SN5 4FW",FLAT,N/A,,https://www.rightmove.co.uk/house-prices/details/england-22115893?s=6245f70494d7197be2f0de32e9cfbefefe19c93e79903ba5a1e109ccd3678b29,"£200,000",1 Nov 2024
"83, Cowleaze, Purton, Swindon, Wiltshire SN5 4FW",FLAT,N/A,,https://www.rightmove.co.uk/house-prices/details/england-22115893?s=6245f70494d7197be2f0de32e9cfbefefe19c93e79903ba5a1e109ccd3678b29,"£166,000",29 Jun 2018
"22, Keycroft Copse, Peatmoor, Swindon SN5 5AE",DETACHED,4,https://media.rightmove.co.uk/dir/232k/231218/148630814/231218_RS0570_IMG_00_0000_max_135x100.jpeg,https://www.rightmove.co.uk/house-prices/details/england-148630814-22115908?s=8eb51e69738a42b194113a50f5585dc986f987c3f161e7ec1dfcb6b7a3936a34,"£397,500",1 Nov 2024
"22, Keycroft Copse, Peatmoor, Swindon SN5 5AE",DETACHED,4,https://media.rightmove.co.uk/dir/232k/231218/148630814/231218_RS0570_IMG_00_0000_max_135x100.jpeg,https://www.rightmove.co.uk/house-prices/details/england-148630814-22115908?s=8eb51e69738a42b194113a50f5585dc986f987c3f161e7ec1dfcb6b7a3936a34,"£220,000",20 Mar 2008
"22, Keycroft Copse, Peatmoor, Swindon SN5 5AE",DETACHED,4,https://media.rightmove.co.uk/dir/232k/231218/148630814/231218_RS0570_IMG_00_0000_max_135x100.jpeg,https://www.rightmove.co.uk/house-prices/details/england-148630814-22115908?s=8eb51e69738a42b194113a50f5585dc986f987c3f161e7ec1dfcb6b7a3936a34,"£199,000",26 Nov 2004
"22, Keycroft Copse, Peatmoor, Swindon SN5 5AE",DETACHED,4,https://media.rightmove.co.uk/dir/232k/231218/148630814/231218_RS0570_IMG_00_0000_max_135x100.jpeg,https://www.rightmove.co.uk/house-prices/details/england-148630814-22115908?s=8eb51e69738a42b194113a50f5585dc986f987c3f161e7ec1dfcb6b7a3936a34,"£189,950",24 Feb 2003
"22, Keycroft Copse, Peatmoor, Swindon SN5 5AE",DETACHED,4,https://media.rightmove.co.uk/dir/232k/231218/148630814/231218_RS0570_IMG_00_0000_max_135x100.jpeg,https://www.rightmove.co.uk/house-prices/details/england-148630814-22115908?s=8eb51e69738a42b194113a50f5585dc986f987c3f161e7ec1dfcb6b7a3936a34,"£96,000",8 Aug 1997
"24, Upper Mill, Purton, Swindon, Wiltshire SN5 4FL",TERRACED,N/A,,https://www.rightmove.co.uk/house-prices/details/england-22115887?s=bd37b186c5f6663c7025dcbb66fc4276944f2e33cd31293d0a55e109ebe60487,"£305,000",31 Oct 2024
"24, Upper Mill, Purton, Swindon, Wiltshire SN5 4FL",TERRACED,N/A,,https://www.rightmove.co.uk/house-prices/details/england-22115887?s=bd37b186c5f6663c7025dcbb66fc4276944f2e33cd31293d0a55e109ebe60487,"£218,000",28 Nov 2014
"29, Haig Close, Swindon SN2 7QN",SEMI_DETACHED,N/A,,https://www.rightmove.co.uk/house-prices/details/england-22114969?s=8a636872d7c3343302c0a73d53bb4f776d441e1f8266433886d7af0ea7b76661,"£255,000",31 Oct 2024
"29, Haig Close, Swindon SN2 7QN",SEMI_DETACHED,N/A,,https://www.rightmove.co.uk/house-prices/details/england-22114969?s=8a636872d7c3343302c0a73d53bb4f776d441e1f8266433886d7af0ea7b76661,"£211,000",26 Oct 2018
"Flat 2, 7, Burden Road, Tadpole Garden Village, Swindon SN25 2RN",FLAT,N/A,,https://www.rightmove.co.uk/house-prices/details/england-22115146?s=921034de4d768fd06fa5a47df1b803222a02ae8be745721ba216ac9018832516,"£195,000",31 Oct 2024
"Flat 2, 7, Burden Road, Tadpole Garden Village, Swindon SN25 2RN",FLAT,N/A,,https://www.rightmove.co.uk/house-prices/details/england-22115146?s=921034de4d768fd06fa5a47df1b803222a02ae8be745721ba216ac9018832516,"£165,000",24 Oct 2019
"Flat 2, 7, Burden Road, Tadpole Garden Village, Swindon SN25 2RN",FLAT,N/A,,https://www.rightmove.co.uk/house-prices/details/england-22115146?s=921034de4d768fd06fa5a47df1b803222a02ae8be745721ba216ac9018832516,"£183,000",28 Oct 2016
"24, Rowan Court, 17, Seacole Crescent, Swindon SN1 4GQ",FLAT,N/A,,https://www.rightmove.co.uk/house-prices/details/england-22113361?s=df513c703935cc7a0ec3ec5e706f7711d071cde47b1b08948e918d2b7c1fbc09,"£147,500",31 Oct 2024
"24, Rowan Court, 17, Seacole Crescent, Swindon SN1 4GQ",FLAT,N/A,,https://www.rightmove.co.uk/house-prices/details/england-22113361?s=df513c703935cc7a0ec3ec5e706f7711d071cde47b1b08948e918d2b7c1fbc09,"£155,000",31 Aug 2017
"24, Rowan Court, 17, Seacole Crescent, Swindon SN1 4GQ",FLAT,N/A,,https://www.rightmove.co.uk/house-prices/details/england-22113361?s=df513c703935cc7a0ec3ec5e706f7711d071cde47b1b08948e918d2b7c1fbc09,"£118,000",15 Jan 2013
"42, Hathaway Road, Swindon SN2 7TP",SEMI_DETACHED,3,https://media.rightmove.co.uk/dir/12k/11766/81699584/11766_100694000241_IMG_01_0000_max_135x100.jpg,https://www.rightmove.co.uk/house-prices/details/england-81699584-22114978?s=5deb3ed0bb2dd5c62e7537b5fc489f1bffb33d8dcbfc63cdfe85d8e89d0bbc9f,"£280,000",31 Oct 2024
"42, Hathaway Road, Swindon SN2 7TP",SEMI_DETACHED,3,https://media.rightmove.co.uk/dir/12k/11766/81699584/11766_100694000241_IMG_01_0000_max_135x100.jpg,https://www.rightmove.co.uk/house-prices/details/england-81699584-22114978?s=5deb3ed0bb2dd5c62e7537b5fc489f1bffb33d8dcbfc63cdfe85d8e89d0bbc9f,"£250,000",2 Dec 2021
"42, Hathaway Road, Swindon SN2 7TP",SEMI_DETACHED,3,https://media.rightmove.co.uk/dir/12k/11766/81699584/11766_100694000241_IMG_01_0000_max_135x100.jpg,https://www.rightmove.co.uk/house-prices/details/england-81699584-22114978?s=5deb3ed0bb2dd5c62e7537b5fc489f1bffb33d8dcbfc63cdfe85d8e89d0bbc9f,"£168,500",31 Oct 2014
"42, Hathaway Road, Swindon SN2 7TP",SEMI_DETACHED,3,https://media.rightmove.co.uk/dir/12k/11766/81699584/11766_100694000241_IMG_01_0000_max_135x100.jpg,https://www.rightmove.co.uk/house-prices/details/england-81699584-22114978?s=5deb3ed0bb2dd5c62e7537b5fc489f1bffb33d8dcbfc63cdfe85d8e89d0bbc9f,"£79,500",8 Oct 1999
"85, Drove Road, Swindon SN1 3AE",TERRACED,N/A,,https://www.rightmove.co.uk/house-prices/details/england-22113286?s=ecc3d907cffad7a0720f03470b127eee646b8539c9400cdf7e54f99d26c8ee66,"£330,000",31 Oct 2024
"53, Farriers Close, Swindon SN1 2QX",FLAT,2,https://media.rightmove.co.uk/dir/4k/3259/154894142/3259_000875344_IMG_04_0000_max_135x100.jpeg,https://www.rightmove.co.uk/house-prices/details/england-154894142-22113283?s=b05a78928a41e9764996f291af2726359a2cbba5e3d62e287243fabca2cf2808,"£105,000",31 Oct 2024
"53, Farriers Close, Swindon SN1 2QX",FLAT,2,https://media.rightmove.co.uk/dir/4k/3259/154894142/3259_000875344_IMG_04_0000_max_135x100.jpeg,https://www.rightmove.co.uk/house-prices/details/england-154894142-22113283?s=b05a78928a41e9764996f291af2726359a2cbba5e3d62e287243fabca2cf2808,"£89,000",19 Dec 2002
"53, Farriers Close, Swindon SN1 2QX",FLAT,2,https://media.rightmove.co.uk/dir/4k/3259/154894142/3259_000875344_IMG_04_0000_max_135x100.jpeg,https://www.rightmove.co.uk/house-prices/details/england-154894142-22113283?s=b05a78928a41e9764996f291af2726359a2cbba5e3d62e287243fabca2cf2808,"£63,500",17 Dec 1999
"6, Falconscroft, Swindon SN3 5AF",SEMI_DETACHED,4,https://media.rightmove.co.uk/dir/135k/134639/149671979/134639_ESN240197_IMG_00_0000_max_135x100.jpeg,https://www.rightmove.co.uk/house-prices/details/england-149671979-22115569?s=fe5448b683a8a4f0425e33925eef4928a0cf7d05be3bcb74a26114d258554cdf,"£375,000",31 Oct 2024
"6, Falconscroft, Swindon SN3 5AF",SEMI_DETACHED,4,https://media.rightmove.co.uk/dir/135k/134639/149671979/134639_ESN240197_IMG_00_0000_max_135x100.jpeg,https://www.rightmove.co.uk/house-prices/details/england-149671979-22115569?s=fe5448b683a8a4f0425e33925eef4928a0cf7d05be3bcb74a26114d258554cdf,"£200,000",29 May 2015
"41, Biddestone Avenue, Coate, Swindon SN3 6DE",DETACHED,N/A,,https://www.rightmove.co.uk/house-prices/details/england-22115605?s=c6d562d4634e48516dc7ff3790bd28cb5386824d44748be84accd2bcc400fdb0,"£640,000",30 Oct 2024
"41, Biddestone Avenue, Coate, Swindon SN3 6DE",DETACHED,N/A,,https://www.rightmove.co.uk/house-prices/details/england-22115605?s=c6d562d4634e48516dc7ff3790bd28cb5386824d44748be84accd2bcc400fdb0,"£480,000",30 Sep 2016
"5, Bay Tree Court, Swindon SN2 1TQ",TERRACED,N/A,,https://www.rightmove.co.uk/house-prices/details/england-22114861?s=2daac0ad53d4677feef7828ef172543615d4d7bade66f2f920b40b3877837f6c,"£110,000",30 Oct 2024
"5, Bay Tree Court, Swindon SN2 1TQ",TERRACED,N/A,,https://www.rightmove.co.uk/house-prices/details/england-22114861?s=2daac0ad53d4677feef7828ef172543615d4d7bade66f2f920b40b3877837f6c,"£45,000",4 Jun 1999
"456, Ferndale Road, Swindon SN2 1HW",TERRACED,3,https://media.rightmove.co.uk/dir/4k/3838/149208590/3838_GOH240190_IMG_00_0000_max_135x100.jpeg,https://www.rightmove.co.uk/house-prices/details/england-149208590-22114843?s=01a239850e061ca03079517d65cc057d69af058d69a8115b5d7e767902a11c78,"£247,500",30 Oct 2024
"456, Ferndale Road, Swindon SN2 1HW",TERRACED,3,https://media.rightmove.co.uk/dir/4k/3838/149208590/3838_GOH240190_IMG_00_0000_max_135x100.jpeg,https://www.rightmove.co.uk/house-prices/details/england-149208590-22114843?s=01a239850e061ca03079517d65cc057d69af058d69a8115b5d7e767902a11c78,"£115,000",7 Nov 2012
"71, Olympus House, Fire Fly Avenue, Swindon SN2 2FW",FLAT,N/A,,https://www.rightmove.co.uk/house-prices/details/england-22114891?s=94a6e3361ce36aaf5034ef8cffa0469c6e32ce865617a48016e56768d86217eb,"£172,500",30 Oct 2024
"71, Olympus House, Fire Fly Avenue, Swindon SN2 2FW",FLAT,N/A,,https://www.rightmove.co.uk/house-prices/details/england-22114891?s=94a6e3361ce36aaf5034ef8cffa0469c6e32ce865617a48016e56768d86217eb,"£170,000",24 Mar 2022
"71, Olympus House, Fire Fly Avenue, Swindon SN2 2FW",FLAT,N/A,,https://www.rightmove.co.uk/house-prices/details/england-22114891?s=94a6e3361ce36aaf5034ef8cffa0469c6e32ce865617a48016e56768d86217eb,"£185,000",25 Aug 2017
"69, Sandringham Road, Swindon SN3 1HT",DETACHED,3,https://media.rightmove.co.uk/dir/3k/2706/148494053/2706_OLT240089_IMG_00_0000_max_135x100.jpeg,https://www.rightmove.co.uk/house-prices/details/england-148494053-22115404?s=b57aee5efdb6233823aecae5435b0a8028f3966a5dd20fc920f37215a2baab64,"£390,000",29 Oct 2024
"34, Tiverton Road, Swindon SN2 1AS",SEMI_DETACHED,5,https://media.rightmove.co.uk/dir/4k/3838/149602166/3838_GOH240198_IMG_00_0000_max_135x100.jpeg,https://www.rightmove.co.uk/house-prices/details/england-149602166-22114822?s=7416722866d1a24a249b1cb824f7feab47bc10ff271a20560267abf85fcb56fe,"£375,000",29 Oct 2024
"34, Tiverton Road, Swindon SN2 1AS",SEMI_DETACHED,5,https://media.rightmove.co.uk/dir/4k/3838/149602166/3838_GOH240198_IMG_00_0000_max_135x100.jpeg,https://www.rightmove.co.uk/house-prices/details/england-149602166-22114822?s=7416722866d1a24a249b1cb824f7feab47bc10ff271a20560267abf85fcb56fe,"£235,000",14 Jul 2015
"7, Eastcott Hill, Swindon SN1 3JG",TERRACED,2,https://media.rightmove.co.uk/dir/3k/2706/150266615/2706_OLT240234_IMG_01_0000_max_135x100.jpeg,https://www.rightmove.co.uk/house-prices/details/england-150266615-22113307?s=a612931231c850ec3a19a96170dfc68717e783c97bc8dd6c685016179ebd5a4f,"£260,000",29 Oct 2024
"7, Eastcott Hill, Swindon SN1 3JG",TERRACED,2,https://media.rightmove.co.uk/dir/3k/2706/150266615/2706_OLT240234_IMG_01_0000_max_135x100.jpeg,https://www.rightmove.co.uk/house-prices/details/england-150266615-22113307?s=a612931231c850ec3a19a96170dfc68717e783c97bc8dd6c685016179ebd5a4f,"£149,000",26 Sep 2006
"7, Eastcott Hill, Swindon SN1 3JG",TERRACED,2,https://media.rightmove.co.uk/dir/3k/2706/150266615/2706_OLT240234_IMG_01_0000_max_135x100.jpeg,https://www.rightmove.co.uk/house-prices/details/england-150266615-22113307?s=a612931231c850ec3a19a96170dfc68717e783c97bc8dd6c685016179ebd5a4f,"£49,000",6 Dec 1996
"387, Cranmore Avenue, Swindon SN3 2ES",TERRACED,3,https://media.rightmove.co.uk/dir/2k/1843/149314853/1843_SWE107519_IMG_06_0000_max_135x100.jpeg,https://www.rightmove.co.uk/house-prices/details/england-149314853-22115416?s=17d1f1bce821de555332c98c65937cdd4597aa224f1574830a9ae4f008f467d6,"£221,500",29 Oct 2024
"387, Cranmore Avenue, Swindon SN3 2ES",TERRACED,3,https://media.rightmove.co.uk/dir/2k/1843/149314853/1843_SWE107519_IMG_06_0000_max_135x100.jpeg,https://www.rightmove.co.uk/house-prices/details/england-149314853-22115416?s=17d1f1bce821de555332c98c65937cdd4597aa224f1574830a9ae4f008f467d6,"£110,000",2 Oct 2013
"387, Cranmore Avenue, Swindon SN3 2ES",TERRACED,3,https://media.rightmove.co.uk/dir/2k/1843/149314853/1843_SWE107519_IMG_06_0000_max_135x100.jpeg,https://www.rightmove.co.uk/house-prices/details/england-149314853-22115416?s=17d1f1bce821de555332c98c65937cdd4597aa224f1574830a9ae4f008f467d6,"£66,000",27 Nov 2000
"26, Kennet Avenue, Swindon SN25 3LG",SEMI_DETACHED,3,https://media.rightmove.co.uk/dir/64k/63612/144377045/63612_HWH230244_IMG_00_0000_max_135x100.jpeg,https://www.rightmove.co.uk/house-prices/details/england-144377045-22115209?s=a3a1d4636b926369b6508aa15a5be11aff53dea388710a43f3291fa7d894e94e,"£290,000",29 Oct 2024
"26, Kennet Avenue, Swindon SN25 3LG",SEMI_DETACHED,3,https://media.rightmove.co.uk/dir/64k/63612/144377045/63612_HWH230244_IMG_00_0000_max_135x100.jpeg,https://www.rightmove.co.uk/house-prices/details/england-144377045-22115209?s=a3a1d4636b926369b6508aa15a5be11aff53dea388710a43f3291fa7d894e94e,"£184,000",11 Oct 2012
"26, Kennet Avenue, Swindon SN25 3LG",SEMI_DETACHED,3,https://media.rightmove.co.uk/dir/64k/63612/144377045/63612_HWH230244_IMG_00_0000_max_135x100.jpeg,https://www.rightmove.co.uk/house-prices/details/england-144377045-22115209?s=a3a1d4636b926369b6508aa15a5be11aff53dea388710a43f3291fa7d894e94e,"£137,500",2 Mar 2012
"5, Galloway Close, Shaw, Swindon SN5 5QQ",TERRACED,2,https://media.rightmove.co.uk/dir/210k/209768/154166759/209768_33266911_IMG_00_0000_max_135x100.jpeg,https://www.rightmove.co.uk/house-prices/details/england-154166759-22115941?s=60beec594882daad940cce7836a51ad2ef7268b44784ea933124ba1895416ac1,"£206,000",29 Oct 2024
"5, Galloway Close, Shaw, Swindon SN5 5QQ",TERRACED,2,https://media.rightmove.co.uk/dir/210k/209768/154166759/209768_33266911_IMG_00_0000_max_135x100.jpeg,https://www.rightmove.co.uk/house-prices/details/england-154166759-22115941?s=60beec594882daad940cce7836a51ad2ef7268b44784ea933124ba1895416ac1,"£132,000",24 Apr 2014
"25, Diamond Crescent, Swindon SN25 2SJ",DETACHED,N/A,,https://www.rightmove.co.uk/house-prices/details/england-22115164?s=955bf8bbc19b3413ec9b5358297826aab6ae1c93f1be5017bd9b9bb57b3705aa,"£725,000",29 Oct 2024
"25, Diamond Crescent, Swindon SN25 2SJ",DETACHED,N/A,,https://www.rightmove.co.uk/house-prices/details/england-22115164?s=955bf8bbc19b3413ec9b5358297826aab6ae1c93f1be5017bd9b9bb57b3705aa,"£614,950",28 Jun 2019
